responseTime,sentenceIndex,Index,mousePositionX,mousePositionY,TrueAnswer,userName,experiment,Word,wordPositionTop,wordPositionLeft,wordPositionBottom,wordPositionRight,response,experiment_start_time,experiment_end_time,experiment_duration
648,"NA",-1,534,170,"NA","Cristina","","","","","","","",1745760175940,1745760229443,53503
698,"NA",-1,548,167,"NA","Cristina","","","","","","","","","",""
748,"NA",-1,557,159,"NA","Cristina","","","","","","","","","",""
798,"NA",-1,558,158,"NA","Cristina","","","","","","","","","",""
848,"NA",-1,560,157,"NA","Cristina","","","","","","","","","",""
898,"NA",-1,561,157,"NA","Cristina","","","","","","","","","",""
949,"NA",-1,575,155,"NA","Cristina","","","","","","","","","",""
999,"-1","0",601,151,"Da","Cristina","trial"," Maya ",128.03125,595.625,152.03125,646.015625,"","","",""
1048,"-1","0",611,150,"Da","Cristina","trial"," Maya ",128.03125,595.625,152.03125,646.015625,"","","",""
1099,"-1","0",625,139,"Da","Cristina","trial"," Maya ",128.03125,595.625,152.03125,646.015625,"","","",""
1149,"-1","0",625,138,"Da","Cristina","trial"," Maya ",128.03125,595.625,152.03125,646.015625,"","","",""
1198,"-1","0",625,138,"Da","Cristina","trial"," Maya ",128.03125,595.625,152.03125,646.015625,"","","",""
1248,"-1","0",625,138,"Da","Cristina","trial"," Maya ",128.03125,595.625,152.03125,646.015625,"","","",""
1298,"-1","0",625,138,"Da","Cristina","trial"," Maya ",128.03125,595.625,152.03125,646.015625,"","","",""
1348,"-1","0",625,138,"Da","Cristina","trial"," Maya ",128.03125,595.625,152.03125,646.015625,"","","",""
1398,"-1","0",625,138,"Da","Cristina","trial"," Maya ",128.03125,595.625,152.03125,646.015625,"","","",""
1448,"-1","0",626,138,"Da","Cristina","trial"," Maya ",128.03125,595.625,152.03125,646.015625,"","","",""
1499,"-1","0",637,146,"Da","Cristina","trial"," Maya ",128.03125,595.625,152.03125,646.015625,"","","",""
1549,"-1","1",647,146,"Da","Cristina","trial"," s-a ",128.03125,646.015625,152.03125,675.21875,"","","",""
1598,"-1","1",670,143,"Da","Cristina","trial"," s-a ",128.03125,646.015625,152.03125,675.21875,"","","",""
1648,"-1","2",687,140,"Da","Cristina","trial"," jucat ",128.03125,675.21875,152.03125,720.90625,"","","",""
1698,"-1","3",724,140,"Da","Cristina","trial"," cu ",128.03125,720.90625,152.03125,745.359375,"","","",""
1749,"-1","4",754,140,"Da","Cristina","trial"," cuburile ",128.03125,745.359375,152.03125,818.875,"","","",""
1798,"-1","4",768,140,"Da","Cristina","trial"," cuburile ",128.03125,745.359375,152.03125,818.875,"","","",""
1848,"-1","4",776,140,"Da","Cristina","trial"," cuburile ",128.03125,745.359375,152.03125,818.875,"","","",""
1898,"-1","4",789,137,"Da","Cristina","trial"," cuburile ",128.03125,745.359375,152.03125,818.875,"","","",""
1948,"-1","4",806,137,"Da","Cristina","trial"," cuburile ",128.03125,745.359375,152.03125,818.875,"","","",""
1998,"-1","5",825,139,"Da","Cristina","trial"," și ",128.03125,818.875,152.03125,836.828125,"","","",""
2048,"-1","6",850,144,"Da","Cristina","trial"," mingile, ",128.03125,836.828125,152.03125,909.453125,"","","",""
2098,"-1","6",867,144,"Da","Cristina","trial"," mingile, ",128.03125,836.828125,152.03125,909.453125,"","","",""
2148,"-1","6",897,144,"Da","Cristina","trial"," mingile, ",128.03125,836.828125,152.03125,909.453125,"","","",""
2198,"-1","7",932,144,"Da","Cristina","trial"," dar ",128.03125,909.453125,152.03125,942.75,"","","",""
2248,"-1","8",968,144,"Da","Cristina","trial"," s-a ",128.03125,942.75,152.03125,971.953125,"","","",""
2298,"-1","9",995,145,"Da","Cristina","trial"," plictisit ",128.03125,971.953125,152.03125,1036.546875,"","","",""
2348,"-1","9",1018,146,"Da","Cristina","trial"," plictisit ",128.03125,971.953125,152.03125,1036.546875,"","","",""
2398,"-1","9",1034,146,"Da","Cristina","trial"," plictisit ",128.03125,971.953125,152.03125,1036.546875,"","","",""
2448,"-1","10",1048,146,"Da","Cristina","trial"," repede ",128.03125,1036.546875,152.03125,1100.90625,"","","",""
2498,"-1","10",1066,146,"Da","Cristina","trial"," repede ",128.03125,1036.546875,152.03125,1100.90625,"","","",""
2548,"-1","10",1093,146,"Da","Cristina","trial"," repede ",128.03125,1036.546875,152.03125,1100.90625,"","","",""
2599,"-1","11",1112,146,"Da","Cristina","trial"," de ",128.03125,1100.90625,152.03125,1126.8125,"","","",""
2648,"-1","11",1122,146,"Da","Cristina","trial"," de ",128.03125,1100.90625,152.03125,1126.8125,"","","",""
2698,"-1","12",1139,146,"Da","Cristina","trial"," ele. ",128.03125,1126.8125,152.03125,1156.59375,"","","",""
2748,"-1","12",1144,148,"Da","Cristina","trial"," ele. ",128.03125,1126.8125,152.03125,1156.59375,"","","",""
2798,"-1","12",1148,148,"Da","Cristina","trial"," ele. ",128.03125,1126.8125,152.03125,1156.59375,"","","",""
2848,"-1","12",1149,149,"Da","Cristina","trial"," ele. ",128.03125,1126.8125,152.03125,1156.59375,"","","",""
2899,"NA",-1,1140,180,"NA","Cristina","","","","","","","","","",""
4472,"","","","","","","","","","","","","Da","","",""
476,"NA",-1,617,182,"NA","Cristina","","","","","","","","","",""
526,"NA",-1,613,168,"NA","Cristina","","","","","","","","","",""
576,"-2","0",612,149,"Nu","Cristina","trial"," Pacientul ",128.03125,595.625,152.03125,678.125,"","","",""
626,"-2","0",608,137,"Nu","Cristina","trial"," Pacientul ",128.03125,595.625,152.03125,678.125,"","","",""
676,"-2","0",607,136,"Nu","Cristina","trial"," Pacientul ",128.03125,595.625,152.03125,678.125,"","","",""
726,"-2","0",606,140,"Nu","Cristina","trial"," Pacientul ",128.03125,595.625,152.03125,678.125,"","","",""
776,"-2","0",606,150,"Nu","Cristina","trial"," Pacientul ",128.03125,595.625,152.03125,678.125,"","","",""
826,"-2","0",616,153,"Nu","Cristina","trial"," Pacientul ",128.03125,595.625,152.03125,678.125,"","","",""
876,"-2","0",646,153,"Nu","Cristina","trial"," Pacientul ",128.03125,595.625,152.03125,678.125,"","","",""
926,"-2","1",681,155,"Nu","Cristina","trial"," pe ",128.03125,678.125,152.03125,704.03125,"","","",""
976,"-2","2",719,155,"Nu","Cristina","trial"," care ",128.03125,704.03125,152.03125,744.6875,"","","",""
1026,"-2","3",749,155,"Nu","Cristina","trial"," l-a ",128.03125,744.6875,152.03125,769.90625,"","","",""
1077,"-2","3",767,155,"Nu","Cristina","trial"," l-a ",128.03125,744.6875,152.03125,769.90625,"","","",""
1127,"-2","4",784,155,"Nu","Cristina","trial"," tratat ",128.03125,769.90625,152.03125,821.359375,"","","",""
1176,"-2","4",802,155,"Nu","Cristina","trial"," tratat ",128.03125,769.90625,152.03125,821.359375,"","","",""
1227,"-2","5",829,155,"Nu","Cristina","trial"," doctorul ",128.03125,821.359375,152.03125,897.234375,"","","",""
1278,"-2","5",848,153,"Nu","Cristina","trial"," doctorul ",128.03125,821.359375,152.03125,897.234375,"","","",""
1326,"-2","5",866,153,"Nu","Cristina","trial"," doctorul ",128.03125,821.359375,152.03125,897.234375,"","","",""
1376,"-2","5",888,153,"Nu","Cristina","trial"," doctorul ",128.03125,821.359375,152.03125,897.234375,"","","",""
1426,"-2","7",927,153,"Nu","Cristina","trial"," simțit ",128.03125,926.4375,152.03125,978.859375,"","","",""
1476,"-2","7",949,153,"Nu","Cristina","trial"," simțit ",128.03125,926.4375,152.03125,978.859375,"","","",""
1526,"-2","7",969,153,"Nu","Cristina","trial"," simțit ",128.03125,926.4375,152.03125,978.859375,"","","",""
1576,"-2","8",995,153,"Nu","Cristina","trial"," mai ",128.03125,978.859375,152.03125,1015.125,"","","",""
1626,"-2","9",1016,153,"Nu","Cristina","trial"," bine ",128.03125,1015.125,152.03125,1056.796875,"","","",""
1676,"-2","9",1035,153,"Nu","Cristina","trial"," bine ",128.03125,1015.125,152.03125,1056.796875,"","","",""
1726,"-2","10",1061,153,"Nu","Cristina","trial"," după ",128.03125,1056.796875,152.03125,1104.84375,"","","",""
1776,"-2","10",1082,153,"Nu","Cristina","trial"," după ",128.03125,1056.796875,152.03125,1104.84375,"","","",""
1826,"-2","10",1102,153,"Nu","Cristina","trial"," după ",128.03125,1056.796875,152.03125,1104.84375,"","","",""
1883,"-2","11",1134,153,"Nu","Cristina","trial"," doar ",128.03125,1104.84375,152.03125,1149.03125,"","","",""
1926,"-2","12",1165,153,"Nu","Cristina","trial"," câteva ",128.03125,1149.03125,152.03125,1207.984375,"","","",""
1976,"-2","12",1180,153,"Nu","Cristina","trial"," câteva ",128.03125,1149.03125,152.03125,1207.984375,"","","",""
2026,"-2","13",1209,153,"Nu","Cristina","trial"," tratamente. ",128.03125,1207.984375,152.03125,1307.84375,"","","",""
2076,"-2","13",1236,153,"Nu","Cristina","trial"," tratamente. ",128.03125,1207.984375,152.03125,1307.84375,"","","",""
2126,"-2","13",1260,153,"Nu","Cristina","trial"," tratamente. ",128.03125,1207.984375,152.03125,1307.84375,"","","",""
2176,"-2","13",1277,153,"Nu","Cristina","trial"," tratamente. ",128.03125,1207.984375,152.03125,1307.84375,"","","",""
2226,"-2","13",1284,153,"Nu","Cristina","trial"," tratamente. ",128.03125,1207.984375,152.03125,1307.84375,"","","",""
2276,"-2","13",1294,153,"Nu","Cristina","trial"," tratamente. ",128.03125,1207.984375,152.03125,1307.84375,"","","",""
2326,"-2","13",1300,153,"Nu","Cristina","trial"," tratamente. ",128.03125,1207.984375,152.03125,1307.84375,"","","",""
2377,"-2","13",1297,156,"Nu","Cristina","trial"," tratamente. ",128.03125,1207.984375,152.03125,1307.84375,"","","",""
5272,"","","","","","","","","","","","","Da","","",""
604,"NA",-1,614,178,"NA","Cristina","","","","","","","","","",""
654,"-3","0",602,161,"Nu","Cristina","trial"," Soțul ",128.03125,595.625,152.03125,643.34375,"","","",""
704,"-3","0",598,151,"Nu","Cristina","trial"," Soțul ",128.03125,595.625,152.03125,643.34375,"","","",""
754,"-3","0",597,148,"Nu","Cristina","trial"," Soțul ",128.03125,595.625,152.03125,643.34375,"","","",""
804,"-3","0",597,148,"Nu","Cristina","trial"," Soțul ",128.03125,595.625,152.03125,643.34375,"","","",""
854,"-3","0",602,147,"Nu","Cristina","trial"," Soțul ",128.03125,595.625,152.03125,643.34375,"","","",""
904,"-3","0",616,149,"Nu","Cristina","trial"," Soțul ",128.03125,595.625,152.03125,643.34375,"","","",""
954,"-3","1",644,152,"Nu","Cristina","trial"," femeii ",128.03125,643.34375,152.03125,700.640625,"","","",""
1004,"-3","1",688,152,"Nu","Cristina","trial"," femeii ",128.03125,643.34375,152.03125,700.640625,"","","",""
1054,"-3","2",725,152,"Nu","Cristina","trial"," frumoase ",128.03125,700.640625,152.03125,786.671875,"","","",""
1104,"-3","2",745,152,"Nu","Cristina","trial"," frumoase ",128.03125,700.640625,152.03125,786.671875,"","","",""
1154,"-3","2",767,152,"Nu","Cristina","trial"," frumoase ",128.03125,700.640625,152.03125,786.671875,"","","",""
1205,"-3","3",806,154,"Nu","Cristina","trial"," i-a ",128.03125,786.671875,152.03125,811.890625,"","","",""
1254,"-3","4",838,155,"Nu","Cristina","trial"," cumpărat ",128.03125,811.890625,152.03125,898.015625,"","","",""
1304,"-3","4",859,155,"Nu","Cristina","trial"," cumpărat ",128.03125,811.890625,152.03125,898.015625,"","","",""
1354,"-3","4",882,155,"Nu","Cristina","trial"," cumpărat ",128.03125,811.890625,152.03125,898.015625,"","","",""
1404,"-3","4",896,155,"Nu","Cristina","trial"," cumpărat ",128.03125,811.890625,152.03125,898.015625,"","","",""
1454,"-3","5",912,155,"Nu","Cristina","trial"," flori ",128.03125,898.015625,152.03125,936.5,"","","",""
1504,"-3","5",929,156,"Nu","Cristina","trial"," flori ",128.03125,898.015625,152.03125,936.5,"","","",""
1554,"-3","7",960,156,"Nu","Cristina","trial"," bomboane ",128.03125,954.453125,152.03125,1051.265625,"","","",""
1604,"-3","7",1003,156,"Nu","Cristina","trial"," bomboane ",128.03125,954.453125,152.03125,1051.265625,"","","",""
1654,"-3","7",1037,156,"Nu","Cristina","trial"," bomboane ",128.03125,954.453125,152.03125,1051.265625,"","","",""
1704,"-3","9",1077,162,"Nu","Cristina","trial"," ziua ",128.03125,1077.171875,152.03125,1116.1875,"","","",""
1754,"NA",-1,1105,166,"NA","Cristina","","","","","","","","","",""
1804,"NA",-1,1117,166,"NA","Cristina","","","","","","","","","",""
1854,"NA",-1,1124,166,"NA","Cristina","","","","","","","","","",""
1904,"NA",-1,1129,164,"NA","Cristina","","","","","","","","","",""
1954,"-3","10",1135,156,"Nu","Cristina","trial"," ei. ",128.03125,1116.1875,152.03125,1135.8125,"","","",""
2004,"NA",-1,1138,153,"NA","Cristina","","","","","","","","","",""
2054,"NA",-1,1138,153,"NA","Cristina","","","","","","","","","",""
2105,"NA",-1,1136,165,"NA","Cristina","","","","","","","","","",""
4576,"","","","","","","","","","","","","Nu","","",""
328,"NA",-1,692,284,"NA","Cristina","","","","","","","","","",""
378,"100","25",679,260,"Nu","Cristina","local_coherence"," și ",238.03125,667.703125,262.03125,685.65625,"","","",""
428,"100","25",667,242,"Nu","Cristina","local_coherence"," și ",238.03125,667.703125,262.03125,685.65625,"","","",""
478,"NA",-1,645,227,"NA","Cristina","","","","","","","","","",""
528,"100","13",615,196,"Nu","Cristina","local_coherence"," Laminariales), ",183.03125,595.625,207.03125,718.359375,"","","",""
578,"NA",-1,590,163,"NA","Cristina","","","","","","","","","",""
628,"NA",-1,585,153,"NA","Cristina","","","","","","","","","",""
678,"NA",-1,585,148,"NA","Cristina","","","","","","","","","",""
728,"NA",-1,585,147,"NA","Cristina","","","","","","","","","",""
778,"NA",-1,593,145,"NA","Cristina","","","","","","","","","",""
828,"100","0",605,145,"Nu","Cristina","local_coherence"," Majoritatea ",128.03125,595.625,152.03125,697.6875,"","","",""
878,"100","0",630,145,"Nu","Cristina","local_coherence"," Majoritatea ",128.03125,595.625,152.03125,697.6875,"","","",""
928,"100","0",658,145,"Nu","Cristina","local_coherence"," Majoritatea ",128.03125,595.625,152.03125,697.6875,"","","",""
978,"100","1",702,145,"Nu","Cristina","local_coherence"," algelor ",128.03125,697.6875,152.03125,761.3125,"","","",""
1028,"100","1",720,143,"Nu","Cristina","local_coherence"," algelor ",128.03125,697.6875,152.03125,761.3125,"","","",""
1078,"100","1",742,143,"Nu","Cristina","local_coherence"," algelor ",128.03125,697.6875,152.03125,761.3125,"","","",""
1128,"100","2",763,143,"Nu","Cristina","local_coherence"," marine, ",128.03125,761.3125,152.03125,831.109375,"","","",""
1178,"100","2",785,143,"Nu","Cristina","local_coherence"," marine, ",128.03125,761.3125,152.03125,831.109375,"","","",""
1228,"100","2",812,143,"Nu","Cristina","local_coherence"," marine, ",128.03125,761.3125,152.03125,831.109375,"","","",""
1278,"100","3",834,146,"Nu","Cristina","local_coherence"," cum ",128.03125,831.109375,152.03125,872.390625,"","","",""
1328,"100","3",852,150,"Nu","Cristina","local_coherence"," cum ",128.03125,831.109375,152.03125,872.390625,"","","",""
1384,"100","3",869,152,"Nu","Cristina","local_coherence"," cum ",128.03125,831.109375,152.03125,872.390625,"","","",""
1428,"100","5",899,159,"Nu","Cristina","local_coherence"," fi ",128.03125,894.609375,152.03125,910.140625,"","","",""
1478,"NA",-1,938,167,"NA","Cristina","","","","","","","","","",""
1528,"NA",-1,956,168,"NA","Cristina","","","","","","","","","",""
1578,"NA",-1,972,168,"NA","Cristina","","","","","","","","","",""
1628,"NA",-1,985,165,"NA","Cristina","","","","","","","","","",""
1678,"NA",-1,998,165,"NA","Cristina","","","","","","","","","",""
1728,"NA",-1,1010,165,"NA","Cristina","","","","","","","","","",""
1778,"100","8",1032,162,"Nu","Cristina","local_coherence"," brune ",128.03125,1004.96875,152.03125,1060.5625,"","","",""
1828,"100","8",1047,159,"Nu","Cristina","local_coherence"," brune ",128.03125,1004.96875,152.03125,1060.5625,"","","",""
1878,"100","8",1058,159,"Nu","Cristina","local_coherence"," brune ",128.03125,1004.96875,152.03125,1060.5625,"","","",""
1928,"100","9",1074,155,"Nu","Cristina","local_coherence"," foarte ",128.03125,1060.5625,152.03125,1116.515625,"","","",""
1978,"100","9",1101,152,"Nu","Cristina","local_coherence"," foarte ",128.03125,1060.5625,152.03125,1116.515625,"","","",""
2028,"100","10",1132,152,"Nu","Cristina","local_coherence"," mari ",128.03125,1116.515625,152.03125,1160.203125,"","","",""
2078,"100","11",1162,148,"Nu","Cristina","local_coherence"," din ",128.03125,1160.203125,152.03125,1191.734375,"","","",""
2128,"100","11",1181,147,"Nu","Cristina","local_coherence"," din ",128.03125,1160.203125,152.03125,1191.734375,"","","",""
2178,"100","12",1202,147,"Nu","Cristina","local_coherence"," ordinul ",128.03125,1191.734375,152.03125,1252.3125,"","","",""
2228,"100","12",1225,147,"Nu","Cristina","local_coherence"," ordinul ",128.03125,1191.734375,152.03125,1252.3125,"","","",""
2278,"100","12",1241,147,"Nu","Cristina","local_coherence"," ordinul ",128.03125,1191.734375,152.03125,1252.3125,"","","",""
2328,"100","12",1244,147,"Nu","Cristina","local_coherence"," ordinul ",128.03125,1191.734375,152.03125,1252.3125,"","","",""
2378,"100","12",1244,147,"Nu","Cristina","local_coherence"," ordinul ",128.03125,1191.734375,152.03125,1252.3125,"","","",""
2428,"100","12",1228,147,"Nu","Cristina","local_coherence"," ordinul ",128.03125,1191.734375,152.03125,1252.3125,"","","",""
2478,"100","10",1142,150,"Nu","Cristina","local_coherence"," mari ",128.03125,1116.515625,152.03125,1160.203125,"","","",""
2528,"NA",-1,968,172,"NA","Cristina","","","","","","","","","",""
2578,"NA",-1,758,174,"NA","Cristina","","","","","","","","","",""
2628,"NA",-1,677,174,"NA","Cristina","","","","","","","","","",""
2678,"NA",-1,640,180,"NA","Cristina","","","","","","","","","",""
2728,"100","13",597,189,"Nu","Cristina","local_coherence"," Laminariales), ",183.03125,595.625,207.03125,718.359375,"","","",""
2778,"NA",-1,570,199,"NA","Cristina","","","","","","","","","",""
2828,"NA",-1,562,205,"NA","Cristina","","","","","","","","","",""
2878,"NA",-1,567,205,"NA","Cristina","","","","","","","","","",""
2928,"100","13",609,199,"Nu","Cristina","local_coherence"," Laminariales), ",183.03125,595.625,207.03125,718.359375,"","","",""
2978,"100","13",677,199,"Nu","Cristina","local_coherence"," Laminariales), ",183.03125,595.625,207.03125,718.359375,"","","",""
3028,"100","14",728,199,"Nu","Cristina","local_coherence"," în ",183.03125,718.359375,207.03125,738.8125,"","","",""
3078,"100","15",768,199,"Nu","Cristina","local_coherence"," ciuda ",183.03125,738.8125,207.03125,789.078125,"","","",""
3128,"100","16",805,199,"Nu","Cristina","local_coherence"," unei ",183.03125,789.078125,207.03125,830.8125,"","","",""
3178,"100","17",840,199,"Nu","Cristina","local_coherence"," aparențe ",183.03125,830.8125,207.03125,911.765625,"","","",""
3228,"100","17",873,199,"Nu","Cristina","local_coherence"," aparențe ",183.03125,830.8125,207.03125,911.765625,"","","",""
3278,"100","17",901,199,"Nu","Cristina","local_coherence"," aparențe ",183.03125,830.8125,207.03125,911.765625,"","","",""
3328,"100","18",915,199,"Nu","Cristina","local_coherence"," superficiale, ",183.03125,911.765625,207.03125,1018.6875,"","","",""
3378,"100","18",930,198,"Nu","Cristina","local_coherence"," superficiale, ",183.03125,911.765625,207.03125,1018.6875,"","","",""
3428,"100","18",946,198,"Nu","Cristina","local_coherence"," superficiale, ",183.03125,911.765625,207.03125,1018.6875,"","","",""
3478,"100","18",970,198,"Nu","Cristina","local_coherence"," superficiale, ",183.03125,911.765625,207.03125,1018.6875,"","","",""
3528,"100","18",988,198,"Nu","Cristina","local_coherence"," superficiale, ",183.03125,911.765625,207.03125,1018.6875,"","","",""
3578,"100","18",1008,198,"Nu","Cristina","local_coherence"," superficiale, ",183.03125,911.765625,207.03125,1018.6875,"","","",""
3628,"100","19",1038,198,"Nu","Cristina","local_coherence"," nu ",183.03125,1018.6875,207.03125,1045.625,"","","",""
3678,"100","21",1073,198,"Nu","Cristina","local_coherence"," tulpini ",183.03125,1071.53125,207.03125,1129.96875,"","","",""
3728,"100","21",1095,198,"Nu","Cristina","local_coherence"," tulpini ",183.03125,1071.53125,207.03125,1129.96875,"","","",""
3784,"100","21",1119,198,"Nu","Cristina","local_coherence"," tulpini ",183.03125,1071.53125,207.03125,1129.96875,"","","",""
3828,"100","22",1130,198,"Nu","Cristina","local_coherence"," adevărate, ",183.03125,1129.96875,207.03125,1223.5,"","","",""
3878,"100","22",1149,198,"Nu","Cristina","local_coherence"," adevărate, ",183.03125,1129.96875,207.03125,1223.5,"","","",""
3928,"100","22",1174,198,"Nu","Cristina","local_coherence"," adevărate, ",183.03125,1129.96875,207.03125,1223.5,"","","",""
3984,"100","22",1196,198,"Nu","Cristina","local_coherence"," adevărate, ",183.03125,1129.96875,207.03125,1223.5,"","","",""
4028,"100","22",1218,198,"Nu","Cristina","local_coherence"," adevărate, ",183.03125,1129.96875,207.03125,1223.5,"","","",""
4078,"100","23",1248,198,"Nu","Cristina","local_coherence"," frunze, ",183.03125,1223.5,207.03125,1282.8125,"","","",""
4128,"100","23",1269,199,"Nu","Cristina","local_coherence"," frunze, ",183.03125,1223.5,207.03125,1282.8125,"","","",""
4178,"NA",-1,1290,199,"NA","Cristina","","","","","","","","","",""
4228,"NA",-1,1299,199,"NA","Cristina","","","","","","","","","",""
4278,"NA",-1,1299,199,"NA","Cristina","","","","","","","","","",""
4328,"NA",-1,1286,203,"NA","Cristina","","","","","","","","","",""
4378,"NA",-1,1222,218,"NA","Cristina","","","","","","","","","",""
4428,"NA",-1,1125,220,"NA","Cristina","","","","","","","","","",""
4478,"NA",-1,1069,224,"NA","Cristina","","","","","","","","","",""
4529,"NA",-1,1009,227,"NA","Cristina","","","","","","","","","",""
4578,"NA",-1,884,235,"NA","Cristina","","","","","","","","","",""
4628,"100","30",822,241,"Nu","Cristina","local_coherence"," sistem ",238.03125,797.90625,262.03125,857.96875,"","","",""
4678,"100","28",749,239,"Nu","Cristina","local_coherence"," fel ",238.03125,746.328125,262.03125,772,"","","",""
4728,"NA",-1,712,236,"NA","Cristina","","","","","","","","","",""
4778,"NA",-1,697,236,"NA","Cristina","","","","","","","","","",""
4828,"100","25",677,239,"Nu","Cristina","local_coherence"," și ",238.03125,667.703125,262.03125,685.65625,"","","",""
4878,"100","24",643,246,"Nu","Cristina","local_coherence"," rădăcini ",238.03125,595.625,262.03125,667.703125,"","","",""
4928,"100","24",610,252,"Nu","Cristina","local_coherence"," rădăcini ",238.03125,595.625,262.03125,667.703125,"","","",""
4991,"100","24",605,253,"Nu","Cristina","local_coherence"," rădăcini ",238.03125,595.625,262.03125,667.703125,"","","",""
5028,"100","24",604,253,"Nu","Cristina","local_coherence"," rădăcini ",238.03125,595.625,262.03125,667.703125,"","","",""
5078,"100","24",621,253,"Nu","Cristina","local_coherence"," rădăcini ",238.03125,595.625,262.03125,667.703125,"","","",""
5128,"100","25",667,253,"Nu","Cristina","local_coherence"," și ",238.03125,667.703125,262.03125,685.65625,"","","",""
5178,"100","26",712,253,"Nu","Cristina","local_coherence"," nici ",238.03125,685.65625,262.03125,719.390625,"","","",""
5228,"100","27",744,253,"Nu","Cristina","local_coherence"," un ",238.03125,719.390625,262.03125,746.328125,"","","",""
5278,"100","29",772,253,"Nu","Cristina","local_coherence"," de ",238.03125,772,262.03125,797.90625,"","","",""
5328,"100","30",811,253,"Nu","Cristina","local_coherence"," sistem ",238.03125,797.90625,262.03125,857.96875,"","","",""
5379,"100","30",845,253,"Nu","Cristina","local_coherence"," sistem ",238.03125,797.90625,262.03125,857.96875,"","","",""
5432,"100","31",865,253,"Nu","Cristina","local_coherence"," vascular, ",238.03125,857.96875,262.03125,934.40625,"","","",""
5478,"100","31",892,253,"Nu","Cristina","local_coherence"," vascular, ",238.03125,857.96875,262.03125,934.40625,"","","",""
5528,"100","31",913,253,"Nu","Cristina","local_coherence"," vascular, ",238.03125,857.96875,262.03125,934.40625,"","","",""
5581,"100","32",938,253,"Nu","Cristina","local_coherence"," așa ",238.03125,934.40625,262.03125,967.90625,"","","",""
5628,"100","33",968,253,"Nu","Cristina","local_coherence"," cum ",238.03125,967.90625,262.03125,1009.1875,"","","",""
5678,"100","33",986,253,"Nu","Cristina","local_coherence"," cum ",238.03125,967.90625,262.03125,1009.1875,"","","",""
5728,"100","33",1004,253,"Nu","Cristina","local_coherence"," cum ",238.03125,967.90625,262.03125,1009.1875,"","","",""
5782,"100","35",1038,253,"Nu","Cristina","local_coherence"," găsește ",238.03125,1032.65625,262.03125,1102.5625,"","","",""
5832,"100","35",1059,253,"Nu","Cristina","local_coherence"," găsește ",238.03125,1032.65625,262.03125,1102.5625,"","","",""
5878,"100","35",1078,253,"Nu","Cristina","local_coherence"," găsește ",238.03125,1032.65625,262.03125,1102.5625,"","","",""
5928,"100","35",1099,253,"Nu","Cristina","local_coherence"," găsește ",238.03125,1032.65625,262.03125,1102.5625,"","","",""
5984,"100","36",1118,253,"Nu","Cristina","local_coherence"," la ",238.03125,1102.5625,262.03125,1122,"","","",""
6028,"100","37",1131,252,"Nu","Cristina","local_coherence"," plantele ",238.03125,1122,262.03125,1195.0625,"","","",""
6078,"100","37",1145,252,"Nu","Cristina","local_coherence"," plantele ",238.03125,1122,262.03125,1195.0625,"","","",""
6142,"100","37",1162,252,"Nu","Cristina","local_coherence"," plantele ",238.03125,1122,262.03125,1195.0625,"","","",""
6184,"100","37",1182,252,"Nu","Cristina","local_coherence"," plantele ",238.03125,1122,262.03125,1195.0625,"","","",""
6232,"100","38",1206,252,"Nu","Cristina","local_coherence"," superioare. ",238.03125,1195.0625,262.03125,1291.15625,"","","",""
6279,"100","38",1224,253,"Nu","Cristina","local_coherence"," superioare. ",238.03125,1195.0625,262.03125,1291.15625,"","","",""
6328,"100","38",1234,256,"Nu","Cristina","local_coherence"," superioare. ",238.03125,1195.0625,262.03125,1291.15625,"","","",""
6384,"100","38",1257,260,"Nu","Cristina","local_coherence"," superioare. ",238.03125,1195.0625,262.03125,1291.15625,"","","",""
6428,"100","38",1260,261,"Nu","Cristina","local_coherence"," superioare. ",238.03125,1195.0625,262.03125,1291.15625,"","","",""
6478,"100","38",1260,261,"Nu","Cristina","local_coherence"," superioare. ",238.03125,1195.0625,262.03125,1291.15625,"","","",""
6528,"100","38",1257,266,"Nu","Cristina","local_coherence"," superioare. ",238.03125,1195.0625,262.03125,1291.15625,"","","",""
8088,"","","","","","","","","","","","","Nu","","",""
939,"NA",-1,559,138,"NA","Cristina","","","","","","","","","",""
989,"NA",-1,571,149,"NA","Cristina","","","","","","","","","",""
1039,"NA",-1,571,149,"NA","Cristina","","","","","","","","","",""
1089,"NA",-1,574,150,"NA","Cristina","","","","","","","","","",""
1139,"NA",-1,580,148,"NA","Cristina","","","","","","","","","",""
1189,"NA",-1,593,143,"NA","Cristina","","","","","","","","","",""
1239,"97","0",596,142,"Da","Cristina","local_coherence"," Eroul ",128.03125,595.625,152.03125,644.046875,"","","",""
1289,"97","0",599,141,"Da","Cristina","local_coherence"," Eroul ",128.03125,595.625,152.03125,644.046875,"","","",""
1339,"97","0",603,143,"Da","Cristina","local_coherence"," Eroul ",128.03125,595.625,152.03125,644.046875,"","","",""
1389,"97","0",603,143,"Da","Cristina","local_coherence"," Eroul ",128.03125,595.625,152.03125,644.046875,"","","",""
1439,"97","0",606,143,"Da","Cristina","local_coherence"," Eroul ",128.03125,595.625,152.03125,644.046875,"","","",""
1495,"97","0",617,143,"Da","Cristina","local_coherence"," Eroul ",128.03125,595.625,152.03125,644.046875,"","","",""
1539,"97","1",644,146,"Da","Cristina","local_coherence"," a ",128.03125,644.046875,152.03125,658.828125,"","","",""
1589,"97","2",677,146,"Da","Cristina","local_coherence"," fost ",128.03125,658.828125,152.03125,695.71875,"","","",""
1639,"97","3",704,146,"Da","Cristina","local_coherence"," apoi ",128.03125,695.71875,152.03125,737.109375,"","","",""
1695,"97","3",733,146,"Da","Cristina","local_coherence"," apoi ",128.03125,695.71875,152.03125,737.109375,"","","",""
1743,"97","4",753,146,"Da","Cristina","local_coherence"," chemat ",128.03125,737.109375,152.03125,805.140625,"","","",""
1790,"97","4",779,148,"Da","Cristina","local_coherence"," chemat ",128.03125,737.109375,152.03125,805.140625,"","","",""
1841,"97","5",805,152,"Da","Cristina","local_coherence"," să ",128.03125,805.140625,152.03125,828.546875,"","","",""
1895,"97","5",827,152,"Da","Cristina","local_coherence"," să ",128.03125,805.140625,152.03125,828.546875,"","","",""
1950,"97","6",837,152,"Da","Cristina","local_coherence"," participe ",128.03125,828.546875,152.03125,907.484375,"","","",""
1990,"97","6",841,152,"Da","Cristina","local_coherence"," participe ",128.03125,828.546875,152.03125,907.484375,"","","",""
2043,"97","6",852,151,"Da","Cristina","local_coherence"," participe ",128.03125,828.546875,152.03125,907.484375,"","","",""
2094,"97","6",878,151,"Da","Cristina","local_coherence"," participe ",128.03125,828.546875,152.03125,907.484375,"","","",""
2143,"97","7",909,151,"Da","Cristina","local_coherence"," la ",128.03125,907.484375,152.03125,926.921875,"","","",""
2190,"97","8",929,151,"Da","Cristina","local_coherence"," cel ",128.03125,926.921875,152.03125,955.046875,"","","",""
2239,"97","8",953,151,"Da","Cristina","local_coherence"," cel ",128.03125,926.921875,152.03125,955.046875,"","","",""
2289,"97","9",968,150,"Da","Cristina","local_coherence"," de-al ",128.03125,955.046875,152.03125,1001.5,"","","",""
2342,"97","9",984,148,"Da","Cristina","local_coherence"," de-al ",128.03125,955.046875,152.03125,1001.5,"","","",""
2390,"97","10",1002,148,"Da","Cristina","local_coherence"," doilea ",128.03125,1001.5,152.03125,1057.6875,"","","",""
2439,"97","10",1010,148,"Da","Cristina","local_coherence"," doilea ",128.03125,1001.5,152.03125,1057.6875,"","","",""
2493,"97","10",1027,148,"Da","Cristina","local_coherence"," doilea ",128.03125,1001.5,152.03125,1057.6875,"","","",""
2540,"97","10",1048,152,"Da","Cristina","local_coherence"," doilea ",128.03125,1001.5,152.03125,1057.6875,"","","",""
2589,"97","11",1067,156,"Da","Cristina","local_coherence"," rit, ",128.03125,1057.6875,152.03125,1085.78125,"","","",""
2639,"97","12",1089,160,"Da","Cristina","local_coherence"," cel ",128.03125,1085.78125,152.03125,1113.90625,"","","",""
2695,"97","13",1122,161,"Da","Cristina","local_coherence"," al ",128.03125,1113.90625,152.03125,1133.34375,"","","",""
2743,"97","14",1158,161,"Da","Cristina","local_coherence"," cuceririi, ",128.03125,1133.34375,152.03125,1210.21875,"","","",""
2789,"97","14",1178,161,"Da","Cristina","local_coherence"," cuceririi, ",128.03125,1133.34375,152.03125,1210.21875,"","","",""
2839,"97","14",1186,161,"Da","Cristina","local_coherence"," cuceririi, ",128.03125,1133.34375,152.03125,1210.21875,"","","",""
2895,"97","14",1195,161,"Da","Cristina","local_coherence"," cuceririi, ",128.03125,1133.34375,152.03125,1210.21875,"","","",""
2939,"97","14",1204,161,"Da","Cristina","local_coherence"," cuceririi, ",128.03125,1133.34375,152.03125,1210.21875,"","","",""
2989,"97","15",1213,159,"Da","Cristina","local_coherence"," învingându-l ",128.03125,1210.21875,152.03125,1315.828125,"","","",""
3039,"97","15",1230,155,"Da","Cristina","local_coherence"," învingându-l ",128.03125,1210.21875,152.03125,1315.828125,"","","",""
3095,"97","15",1246,153,"Da","Cristina","local_coherence"," învingându-l ",128.03125,1210.21875,152.03125,1315.828125,"","","",""
3139,"97","15",1258,151,"Da","Cristina","local_coherence"," învingându-l ",128.03125,1210.21875,152.03125,1315.828125,"","","",""
3189,"97","15",1274,148,"Da","Cristina","local_coherence"," învingându-l ",128.03125,1210.21875,152.03125,1315.828125,"","","",""
3239,"97","15",1298,147,"Da","Cristina","local_coherence"," învingându-l ",128.03125,1210.21875,152.03125,1315.828125,"","","",""
3295,"NA",-1,1324,147,"NA","Cristina","","","","","","","","","",""
3339,"NA",-1,1329,147,"NA","Cristina","","","","","","","","","",""
3389,"NA",-1,1329,147,"NA","Cristina","","","","","","","","","",""
3439,"NA",-1,1325,147,"NA","Cristina","","","","","","","","","",""
3495,"NA",-1,1257,166,"NA","Cristina","","","","","","","","","",""
3543,"NA",-1,1183,182,"NA","Cristina","","","","","","","","","",""
3590,"NA",-1,1129,186,"NA","Cristina","","","","","","","","","",""
3639,"NA",-1,1042,187,"NA","Cristina","","","","","","","","","",""
3695,"NA",-1,967,198,"NA","Cristina","","","","","","","","","",""
3743,"NA",-1,893,198,"NA","Cristina","","","","","","","","","",""
3789,"97","19",829,198,"Da","Cristina","local_coherence"," Claudius. ",183.03125,792.484375,207.03125,870.015625,"","","",""
3841,"97","18",772,196,"Da","Cristina","local_coherence"," mercenar ",183.03125,706.296875,207.03125,792.484375,"","","",""
3895,"97","18",718,195,"Da","Cristina","local_coherence"," mercenar ",183.03125,706.296875,207.03125,792.484375,"","","",""
3939,"97","17",649,195,"Da","Cristina","local_coherence"," generalul ",183.03125,621.53125,207.03125,706.296875,"","","",""
3989,"97","16",607,201,"Da","Cristina","local_coherence"," pe ",183.03125,595.625,207.03125,621.53125,"","","",""
4039,"97","16",602,202,"Da","Cristina","local_coherence"," pe ",183.03125,595.625,207.03125,621.53125,"","","",""
4103,"NA",-1,588,202,"NA","Cristina","","","","","","","","","",""
4139,"NA",-1,587,202,"NA","Cristina","","","","","","","","","",""
4189,"97","16",615,202,"Da","Cristina","local_coherence"," pe ",183.03125,595.625,207.03125,621.53125,"","","",""
4239,"97","17",658,202,"Da","Cristina","local_coherence"," generalul ",183.03125,621.53125,207.03125,706.296875,"","","",""
4289,"97","17",701,202,"Da","Cristina","local_coherence"," generalul ",183.03125,621.53125,207.03125,706.296875,"","","",""
4343,"97","18",729,202,"Da","Cristina","local_coherence"," mercenar ",183.03125,706.296875,207.03125,792.484375,"","","",""
4390,"97","18",747,204,"Da","Cristina","local_coherence"," mercenar ",183.03125,706.296875,207.03125,792.484375,"","","",""
4439,"97","18",778,207,"Da","Cristina","local_coherence"," mercenar ",183.03125,706.296875,207.03125,792.484375,"","","",""
4492,"97","19",819,209,"Da","Cristina","local_coherence"," Claudius. ",183.03125,792.484375,207.03125,870.015625,"","","",""
4539,"97","19",844,209,"Da","Cristina","local_coherence"," Claudius. ",183.03125,792.484375,207.03125,870.015625,"","","",""
4589,"97","19",850,207,"Da","Cristina","local_coherence"," Claudius. ",183.03125,792.484375,207.03125,870.015625,"","","",""
4639,"97","19",852,205,"Da","Cristina","local_coherence"," Claudius. ",183.03125,792.484375,207.03125,870.015625,"","","",""
4689,"97","19",853,204,"Da","Cristina","local_coherence"," Claudius. ",183.03125,792.484375,207.03125,870.015625,"","","",""
4743,"97","19",856,205,"Da","Cristina","local_coherence"," Claudius. ",183.03125,792.484375,207.03125,870.015625,"","","",""
4790,"NA",-1,868,224,"NA","Cristina","","","","","","","","","",""
6695,"","","","","","","","","","","","","Nu","","",""
495,"75","13",622,215,"Nu","Cristina","local_coherence"," clasic, ",183.03125,595.625,207.03125,650.421875,"","","",""
544,"75","13",610,186,"Nu","Cristina","local_coherence"," clasic, ",183.03125,595.625,207.03125,650.421875,"","","",""
599,"NA",-1,603,165,"NA","Cristina","","","","","","","","","",""
647,"75","0",603,152,"Nu","Cristina","local_coherence"," Deoarece ",128.03125,595.625,152.03125,680.609375,"","","",""
700,"75","0",603,145,"Nu","Cristina","local_coherence"," Deoarece ",128.03125,595.625,152.03125,680.609375,"","","",""
748,"75","0",603,142,"Nu","Cristina","local_coherence"," Deoarece ",128.03125,595.625,152.03125,680.609375,"","","",""
794,"75","0",604,141,"Nu","Cristina","local_coherence"," Deoarece ",128.03125,595.625,152.03125,680.609375,"","","",""
856,"75","0",605,141,"Nu","Cristina","local_coherence"," Deoarece ",128.03125,595.625,152.03125,680.609375,"","","",""
894,"75","0",619,141,"Nu","Cristina","local_coherence"," Deoarece ",128.03125,595.625,152.03125,680.609375,"","","",""
944,"75","0",660,148,"Nu","Cristina","local_coherence"," Deoarece ",128.03125,595.625,152.03125,680.609375,"","","",""
999,"75","1",705,153,"Nu","Cristina","local_coherence"," ideea ",128.03125,680.609375,152.03125,731.40625,"","","",""
1046,"75","2",737,153,"Nu","Cristina","local_coherence"," elementară ",128.03125,731.40625,152.03125,832.921875,"","","",""
1095,"75","2",759,153,"Nu","Cristina","local_coherence"," elementară ",128.03125,731.40625,152.03125,832.921875,"","","",""
1156,"75","2",785,153,"Nu","Cristina","local_coherence"," elementară ",128.03125,731.40625,152.03125,832.921875,"","","",""
1201,"75","2",803,153,"Nu","Cristina","local_coherence"," elementară ",128.03125,731.40625,152.03125,832.921875,"","","",""
1247,"75","2",815,153,"Nu","Cristina","local_coherence"," elementară ",128.03125,731.40625,152.03125,832.921875,"","","",""
1295,"75","2",820,153,"Nu","Cristina","local_coherence"," elementară ",128.03125,731.40625,152.03125,832.921875,"","","",""
1345,"75","2",828,153,"Nu","Cristina","local_coherence"," elementară ",128.03125,731.40625,152.03125,832.921875,"","","",""
1399,"75","3",842,153,"Nu","Cristina","local_coherence"," de ",128.03125,832.921875,152.03125,858.828125,"","","",""
1447,"75","4",863,156,"Nu","Cristina","local_coherence"," funcții ",128.03125,858.828125,152.03125,916.375,"","","",""
1495,"75","4",884,156,"Nu","Cristina","local_coherence"," funcții ",128.03125,858.828125,152.03125,916.375,"","","",""
1551,"75","4",897,156,"Nu","Cristina","local_coherence"," funcții ",128.03125,858.828125,152.03125,916.375,"","","",""
1599,"75","4",911,156,"Nu","Cristina","local_coherence"," funcții ",128.03125,858.828125,152.03125,916.375,"","","",""
1646,"75","5",921,155,"Nu","Cristina","local_coherence"," este ",128.03125,916.375,152.03125,956.484375,"","","",""
1695,"75","5",935,152,"Nu","Cristina","local_coherence"," este ",128.03125,916.375,152.03125,956.484375,"","","",""
1744,"75","5",951,152,"Nu","Cristina","local_coherence"," este ",128.03125,916.375,152.03125,956.484375,"","","",""
1800,"75","6",966,152,"Nu","Cristina","local_coherence"," mai ",128.03125,956.484375,152.03125,992.75,"","","",""
1848,"75","6",976,152,"Nu","Cristina","local_coherence"," mai ",128.03125,956.484375,152.03125,992.75,"","","",""
1895,"75","6",988,152,"Nu","Cristina","local_coherence"," mai ",128.03125,956.484375,152.03125,992.75,"","","",""
1944,"75","7",1003,152,"Nu","Cristina","local_coherence"," bine ",128.03125,992.75,152.03125,1034.421875,"","","",""
2000,"75","7",1030,152,"Nu","Cristina","local_coherence"," bine ",128.03125,992.75,152.03125,1034.421875,"","","",""
2048,"75","8",1062,152,"Nu","Cristina","local_coherence"," înțeleasă ",128.03125,1034.421875,152.03125,1115.140625,"","","",""
2095,"75","8",1098,152,"Nu","Cristina","local_coherence"," înțeleasă ",128.03125,1034.421875,152.03125,1115.140625,"","","",""
2149,"75","9",1127,152,"Nu","Cristina","local_coherence"," din ",128.03125,1115.140625,152.03125,1146.671875,"","","",""
2195,"75","9",1144,152,"Nu","Cristina","local_coherence"," din ",128.03125,1115.140625,152.03125,1146.671875,"","","",""
2248,"75","10",1151,152,"Nu","Cristina","local_coherence"," punct ",128.03125,1146.671875,152.03125,1199.8125,"","","",""
2295,"75","10",1161,152,"Nu","Cristina","local_coherence"," punct ",128.03125,1146.671875,152.03125,1199.8125,"","","",""
2344,"75","10",1171,152,"Nu","Cristina","local_coherence"," punct ",128.03125,1146.671875,152.03125,1199.8125,"","","",""
2398,"75","10",1182,152,"Nu","Cristina","local_coherence"," punct ",128.03125,1146.671875,152.03125,1199.8125,"","","",""
2445,"75","10",1191,152,"Nu","Cristina","local_coherence"," punct ",128.03125,1146.671875,152.03125,1199.8125,"","","",""
2495,"75","11",1207,152,"Nu","Cristina","local_coherence"," de ",128.03125,1199.8125,152.03125,1225.71875,"","","",""
2544,"75","11",1224,152,"Nu","Cristina","local_coherence"," de ",128.03125,1199.8125,152.03125,1225.71875,"","","",""
2600,"75","12",1232,152,"Nu","Cristina","local_coherence"," vedere ",128.03125,1225.71875,152.03125,1283.46875,"","","",""
2647,"75","12",1240,152,"Nu","Cristina","local_coherence"," vedere ",128.03125,1225.71875,152.03125,1283.46875,"","","",""
2694,"75","12",1243,152,"Nu","Cristina","local_coherence"," vedere ",128.03125,1225.71875,152.03125,1283.46875,"","","",""
2757,"75","12",1243,152,"Nu","Cristina","local_coherence"," vedere ",128.03125,1225.71875,152.03125,1283.46875,"","","",""
2800,"75","12",1225,157,"Nu","Cristina","local_coherence"," vedere ",128.03125,1225.71875,152.03125,1283.46875,"","","",""
2848,"NA",-1,1069,167,"NA","Cristina","","","","","","","","","",""
2895,"NA",-1,791,172,"NA","Cristina","","","","","","","","","",""
2944,"NA",-1,736,182,"NA","Cristina","","","","","","","","","",""
3000,"75","15",695,190,"Nu","Cristina","local_coherence"," vom ",183.03125,666,207.03125,707.546875,"","","",""
3048,"75","14",661,202,"Nu","Cristina","local_coherence"," o ",183.03125,650.421875,207.03125,666,"","","",""
3095,"75","13",647,207,"Nu","Cristina","local_coherence"," clasic, ",183.03125,595.625,207.03125,650.421875,"","","",""
3145,"75","13",628,208,"Nu","Cristina","local_coherence"," clasic, ",183.03125,595.625,207.03125,650.421875,"","","",""
3200,"75","13",616,208,"Nu","Cristina","local_coherence"," clasic, ",183.03125,595.625,207.03125,650.421875,"","","",""
3248,"75","13",598,208,"Nu","Cristina","local_coherence"," clasic, ",183.03125,595.625,207.03125,650.421875,"","","",""
3295,"NA",-1,592,208,"NA","Cristina","","","","","","","","","",""
3347,"75","13",599,207,"Nu","Cristina","local_coherence"," clasic, ",183.03125,595.625,207.03125,650.421875,"","","",""
3400,"75","13",638,207,"Nu","Cristina","local_coherence"," clasic, ",183.03125,595.625,207.03125,650.421875,"","","",""
3448,"75","15",676,207,"Nu","Cristina","local_coherence"," vom ",183.03125,666,207.03125,707.546875,"","","",""
3494,"75","16",712,207,"Nu","Cristina","local_coherence"," folosi ",183.03125,707.546875,207.03125,758.109375,"","","",""
3544,"75","16",737,207,"Nu","Cristina","local_coherence"," folosi ",183.03125,707.546875,207.03125,758.109375,"","","",""
3598,"75","17",758,207,"Nu","Cristina","local_coherence"," în ",183.03125,758.109375,207.03125,778.5625,"","","",""
3648,"75","17",774,207,"Nu","Cristina","local_coherence"," în ",183.03125,758.109375,207.03125,778.5625,"","","",""
3694,"75","18",799,206,"Nu","Cristina","local_coherence"," continuare. ",183.03125,778.5625,207.03125,874.765625,"","","",""
3754,"75","18",812,203,"Nu","Cristina","local_coherence"," continuare. ",183.03125,778.5625,207.03125,874.765625,"","","",""
3800,"75","18",833,204,"Nu","Cristina","local_coherence"," continuare. ",183.03125,778.5625,207.03125,874.765625,"","","",""
3848,"75","18",848,206,"Nu","Cristina","local_coherence"," continuare. ",183.03125,778.5625,207.03125,874.765625,"","","",""
3895,"75","18",852,208,"Nu","Cristina","local_coherence"," continuare. ",183.03125,778.5625,207.03125,874.765625,"","","",""
3956,"75","18",860,209,"Nu","Cristina","local_coherence"," continuare. ",183.03125,778.5625,207.03125,874.765625,"","","",""
4004,"75","18",868,212,"Nu","Cristina","local_coherence"," continuare. ",183.03125,778.5625,207.03125,874.765625,"","","",""
4048,"NA",-1,871,218,"NA","Cristina","","","","","","","","","",""
4094,"NA",-1,874,223,"NA","Cristina","","","","","","","","","",""
4144,"NA",-1,877,228,"NA","Cristina","","","","","","","","","",""
4200,"NA",-1,881,237,"NA","Cristina","","","","","","","","","",""
7441,"","","","","","","","","","","","","Nu","","",""